id_instrumento,id_grupo_instrumento,nome,dt_inclusao,dt_alteracao,is_deleted,usuario
1,1,"BERRANTE","09/08/15 12:14:39",,0,"ECAD"
2,1,"CLARIN","09/08/15 12:14:39",,0,"ECAD"
3,1,"CLARINETE","09/08/15 12:14:39",,0,"ECAD"
4,1,"CLARONE","09/08/15 12:14:39",,0,"ECAD"
5,1,"CONTRA FAGOTE","09/08/15 12:14:39",,0,"ECAD"
6,1,"CORNE INGLES","09/08/15 12:14:39",,0,"ECAD"
7,1,"FAGOTE","09/08/15 12:14:39",,0,"ECAD"
8,1,"FLAUTA","09/08/15 12:14:39",,0,"ECAD"
9,1,"FLAUTA BAIXO","09/08/15 12:14:39",,0,"ECAD"
10,1,"FLAUTA DOCE","09/08/15 12:14:39",,0,"ECAD"
11,1,"FLAUTA EM SOL","09/08/15 12:14:39",,0,"ECAD"
12,1,"FLAUTIM","09/08/15 12:14:39",,0,"ECAD"
13,1,"FLUGEL HORN","09/08/15 12:14:39",,0,"ECAD"
14,1,"GAITA","09/08/15 12:14:39",,0,"ECAD"
15,1,"OBOE","09/08/15 12:14:39",,0,"ECAD"
16,1,"OCARINA","09/08/15 12:14:39",,0,"ECAD"
17,1,"PISTON","09/08/15 12:14:39",,0,"ECAD"
18,1,"SAX ALTO","09/08/15 12:14:39",,0,"ECAD"
19,1,"SAX BAIXO","09/08/15 12:14:39",,0,"ECAD"
20,1,"SAX BARITONO","09/08/15 12:14:39",,0,"ECAD"
21,1,"SAXOFONE","09/08/15 12:14:39",,0,"ECAD"
22,1,"SAX SOPRANO","09/08/15 12:14:39",,0,"ECAD"
23,1,"SAX TENOR","09/08/15 12:14:39",,0,"ECAD"
24,1,"TROMBONE BAIXO","09/08/15 12:14:40",,0,"ECAD"
25,1,"TROMBONE PISTON","09/08/15 12:14:40",,0,"ECAD"
26,1,"TROMBONE TENOR","09/08/15 12:14:40",,0,"ECAD"
27,1,"TROMBONE VARA","09/08/15 12:14:40",,0,"ECAD"
28,1,"TROMPA","09/08/15 12:14:40",,0,"ECAD"
29,1,"TROMPETE","09/08/15 12:14:40",,0,"ECAD"
30,1,"TROMBONE","09/08/15 12:14:40",,0,"ECAD"
31,1,"TUBA/BOMBARDINO","09/08/15 12:14:40",,0,"ECAD"
32,1,"SHANKER","09/08/15 12:14:40",,0,"ECAD"
33,1,"LEAD","09/08/15 12:14:40",,0,"ECAD"
34,1,"SHIME","09/08/15 12:14:40",,0,"ECAD"
35,1,"GAITA DO FOLE","09/08/15 12:14:40",,0,"ECAD"
36,2,"ALAUDE","09/08/15 12:14:40",,0,"ECAD"
37,2,"BAIXO","09/08/15 12:14:40",,0,"ECAD"
38,2,"BANDONEON","09/08/15 12:14:40",,0,"ECAD"
39,2,"BANDOLIM","09/08/15 12:14:40",,0,"ECAD"
40,2,"BANJO","09/08/15 12:14:40",,0,"ECAD"
41,2,"CAVACO","09/08/15 12:14:40",,0,"ECAD"
42,2,"CAVAQUINHO","09/08/15 12:14:40",,0,"ECAD"
43,2,"CITARA","09/08/15 12:14:40",,0,"ECAD"
44,2,"CONTRA BAIXO","09/08/15 12:14:40",,0,"ECAD"
45,2,"CRAVO","09/08/15 12:14:40",,0,"ECAD"
46,2,"GUITARRA SOLO","09/08/15 12:14:40",,0,"ECAD"
47,2,"GUITARRA BASE","09/08/15 12:14:40",,0,"ECAD"
48,2,"GUITARRA HAVAIANA","09/08/15 12:14:40",,0,"ECAD"
49,2,"GUITARRA PORTUGUESA","09/08/15 12:14:40",,0,"ECAD"
50,2,"BAIXOLA","09/08/15 12:14:40",,0,"ECAD"
51,2,"HARPA","09/08/15 12:14:40",,0,"ECAD"
52,2,"LIRA","09/08/15 12:14:40",,0,"ECAD"
53,2,"GUNGA","09/08/15 12:14:40",,0,"ECAD"
54,2,"VIBRAFONE","09/08/15 12:14:40",,0,"ECAD"
55,2,"VIOLA","09/08/15 12:14:40",,0,"ECAD"
56,2,"VIOLAO","09/08/15 12:14:40",,0,"ECAD"
57,2,"VIOLAO 12","09/08/15 12:14:40",,0,"ECAD"
58,2,"VIOLAO 7 CORDAS","09/08/15 12:14:40",,0,"ECAD"
59,2,"VIOLAO ACUSTICO","09/08/15 12:14:40",,0,"ECAD"
60,2,"VIOLINO","09/08/15 12:14:40",,0,"ECAD"
61,2,"VIOLINO SPALLA","09/08/15 12:14:40",,0,"ECAD"
62,2,"VIOLONCELO","09/08/15 12:14:40",,0,"ECAD"
63,2,"STEEL GUITAR","09/08/15 12:14:40",,0,"ECAD"
64,2,"VIOLA 10 (CAIPIRA)","09/08/15 12:14:40",,0,"ECAD"
65,2,"LOOPINGS","09/08/15 12:14:40",,0,"ECAD"
66,2,"VIOLAO QUINTO","09/08/15 12:14:40",,0,"ECAD"
67,2,"VIOLAO OVATION","09/08/15 12:14:40",,0,"ECAD"
68,2,"VIOLAO 6 CORDAS","09/08/15 12:14:40",,0,"ECAD"
69,2,"BAIXO ELETRICO","09/08/15 12:14:40",,0,"ECAD"
70,2,"BAIXO ACUSTICO","09/08/15 12:14:40",,0,"ECAD"
72,3,"BATERIA","09/08/15 12:14:40",,0,"ECAD"
73,3,"BERIMBAU","09/08/15 12:14:40",,0,"ECAD"
74,3,"BONGO","09/08/15 12:14:40",,0,"ECAD"
75,3,"BUMBO","09/08/15 12:14:40",,0,"ECAD"
76,3,"CAIXA","09/08/15 12:14:40",,0,"ECAD"
77,3,"CHOCALHO","09/08/15 12:14:40",,0,"ECAD"
79,3,"CONGA","09/08/15 12:14:40",,0,"ECAD"
80,3,"CUICA","09/08/15 12:14:40",,0,"ECAD"
81,3,"GANZA","09/08/15 12:14:40",,0,"ECAD"
82,3,"KACIMBA","09/08/15 12:14:40",,0,"ECAD"
83,3,"MARACA","09/08/15 12:14:40",,0,"ECAD"
84,3,"MARIMBA","09/08/15 12:14:40",,0,"ECAD"
85,3,"PANDEIRO","09/08/15 12:14:40",,0,"ECAD"
86,3,"PIFANO","09/08/15 12:14:40",,0,"ECAD"
87,3,"QUEIXADA","09/08/15 12:14:40",,0,"ECAD"
88,3,"RABECA","09/08/15 12:14:40",,0,"ECAD"
89,3,"RECO RECO","09/08/15 12:14:40",,0,"ECAD"
90,3,"REPINIQUE","09/08/15 12:14:40",,0,"ECAD"
91,3,"SURDO","09/08/15 12:14:40",,0,"ECAD"
92,3,"TABLA","09/08/15 12:14:40",,0,"ECAD"
93,3,"TAMBOR","09/08/15 12:14:40",,0,"ECAD"
94,3,"TAMBORIM","09/08/15 12:14:40",,0,"ECAD"
95,3,"TAMBORINE","09/08/15 12:14:40",,0,"ECAD"
96,3,"TANTAN","09/08/15 12:14:40",,0,"ECAD"
97,3,"TAROL","09/08/15 12:14:40",,0,"ECAD"
98,3,"TIMBALE/TIMBLAU","09/08/15 12:14:40",,0,"ECAD"
99,3,"TIMPANO","09/08/15 12:14:40",,0,"ECAD"
100,3,"TRIANGULO","09/08/15 12:14:40",,0,"ECAD"
101,3,"TUMBADORA","09/08/15 12:14:40",,0,"ECAD"
102,3,"XILOFONE","09/08/15 12:14:40",,0,"ECAD"
103,3,"XIQUE XIQUE","09/08/15 12:14:40",,0,"ECAD"
104,3,"ZABUMBA","09/08/15 12:14:40",,0,"ECAD"
105,126,"SAMPLER","09/08/15 12:14:40",,0,"ECAD"
106,3,"CABACA","09/08/15 12:14:40",,0,"ECAD"
108,3,"ATABAQUE","09/08/15 12:14:40",,0,"ECAD"
109,3,"AFOXE","09/08/15 12:14:40",,0,"ECAD"
110,3,"BINGOLA","09/08/15 12:14:40",,0,"ECAD"
111,3,"CASCARA","09/08/15 12:14:40",,0,"ECAD"
112,3,"REPIQUE","09/08/15 12:14:40",,0,"ECAD"
113,3,"DJAMBE","09/08/15 12:14:40",,0,"ECAD"
114,3,"FACA","09/08/15 12:14:40",,0,"ECAD"
115,3,"VARGEM","09/08/15 12:14:40",,0,"ECAD"
116,3,"SINO","09/08/15 12:14:40",,0,"ECAD"
117,3,"CAXIXI","09/08/15 12:14:40",,0,"ECAD"
118,3,"CASTANHOLA","09/08/15 12:14:40",,0,"ECAD"
119,3,"REQUINTO","09/08/15 12:14:40",,0,"ECAD"
121,3,"DERBAK","09/08/15 12:14:40",,0,"ECAD"
122,3,"REPIQUE DE ANEL","09/08/15 12:14:40",,0,"ECAD"
123,3,"CATIRA","09/08/15 12:14:40",,0,"ECAD"
124,3,"CAIXA DE FOLIA","09/08/15 12:14:40",,0,"ECAD"
125,3,"TAMPA DE LATAO","09/08/15 12:14:40",,0,"ECAD"
126,3,"CAIXA DE FOSFORO","09/08/15 12:14:40",,0,"ECAD"
127,3,"REALEJO","09/08/15 12:14:40",,0,"ECAD"
128,3,"SOCADOR","09/08/15 12:14:40",,0,"ECAD"
130,3,"MATRACA","09/08/15 12:14:40",,0,"ECAD"
131,3,"COQUINHO","09/08/15 12:14:40",,0,"ECAD"
132,3,"PANDEROLA","09/08/15 12:14:40",,0,"ECAD"
133,3,"TACO","09/08/15 12:14:40",,0,"ECAD"
134,4,"PEDAL STEEL","09/08/15 12:14:40",,0,"ECAD"
135,4,"ACORDEON","09/08/15 12:14:40",,0,"ECAD"
136,4,"CLAVE (CLAVECINO)","09/08/15 12:14:40",,0,"ECAD"
137,4,"HARMONICA","09/08/15 12:14:40",,0,"ECAD"
138,4,"MINI MOOG","09/08/15 12:14:40",,0,"ECAD"
139,4,"ORGAO","09/08/15 12:14:40",,0,"ECAD"
141,4,"PIANO","09/08/15 12:14:40",,0,"ECAD"
142,4,"PIANO ACUSTICO","09/08/15 12:14:40",,0,"ECAD"
143,4,"SANFONA","09/08/15 12:14:40",,0,"ECAD"
144,5,"SINTETIZADOR","09/08/15 12:14:40",,0,"ECAD"
145,6,"BATERIA DE LATAS/GARRAFAS","09/08/15 12:14:40",,0,"ECAD"
146,6,"PICOLO","09/08/15 12:14:40",,0,"ECAD"
147,6,"XILOFONE DE TAMBORINS","09/08/15 12:14:40",,0,"ECAD"
148,6,"PRATOS","09/08/15 12:14:40",,0,"ECAD"
149,6,"BACURINHO","09/08/15 12:14:40",,0,"ECAD"
150,6,"SINCERRO","09/08/15 12:14:40",,0,"ECAD"
151,6,"CARRILHAO","09/08/15 12:14:40",,0,"ECAD"
152,6,"XEQUERE","09/08/15 12:14:40",,0,"ECAD"
153,6,"COWBELLS","09/08/15 12:14:40",,0,"ECAD"
154,6,"TALK BOX","09/08/15 12:14:40",,0,"ECAD"
155,6,"CHIMES","09/08/15 12:14:40",,0,"ECAD"
157,6,"CHARANGA","09/08/15 12:14:40",,0,"ECAD"
158,6,"UDUH","09/08/15 12:14:40",,0,"ECAD"
159,6,"EUFONIO","09/08/15 12:14:40",,0,"ECAD"
160,6,"TUBERE","09/08/15 12:14:40",,0,"ECAD"
161,6,"CONTRATEMPO","09/08/15 12:14:40",,0,"ECAD"
162,6,"PAU DE CHUVA","09/08/15 12:14:40",,0,"ECAD"
163,6,"ENXADA","09/08/15 12:14:40",,0,"ECAD"
165,6,"BLOCK","09/08/15 12:14:40",,0,"ECAD"
212,3,"AGOGO","09/08/15 12:14:40",,0,"ECAD"
213,3,"PERCUSSAO","09/08/15 12:14:40",,0,"ECAD"
214,4,"TECLADO","09/08/15 12:14:40",,0,"ECAD"
215,1,"METAIS","09/08/15 12:14:40",,0,"ECAD"
253,2,"CORDAS","09/08/15 12:14:40",,0,"ECAD"
294,1,"SOPRO","09/08/15 12:14:40",,0,"ECAD"
313,126,"PROGRAMADOR DE BATERIA","09/08/15 12:14:40",,0,"ECAD"
314,6,"PALMAS","09/08/15 12:14:40",,0,"ECAD"
333,6,"MENDOLIN","09/08/15 12:14:40",,0,"ECAD"
353,126,"PRODUCAO","09/08/15 12:14:40",,0,"ECAD"
373,6,"BLINS","09/08/15 12:14:40",,0,"ECAD"
393,2,"VIOLAO DE ACO","09/08/15 12:14:40",,0,"ECAD"
394,6,"MANDOLIN","09/08/15 12:14:40",,0,"ECAD"
395,6,"DOBRO","09/08/15 12:14:40",,0,"ECAD"
413,1,"FLAUTA PAM","09/08/15 12:14:40",,0,"ECAD"
414,6,"CAMA","09/08/15 12:14:40",,0,"ECAD"
415,6,"WOOD BLOCK","09/08/15 12:14:40",,0,"ECAD"
416,6,"CAMA VOICES","09/08/15 12:14:40",,0,"ECAD"
417,6,"PIZZICATO","09/08/15 12:14:40",,0,"ECAD"
418,6,"PAD","09/08/15 12:14:40",,0,"ECAD"
419,6,"HORN","09/08/15 12:14:40",,0,"ECAD"
420,3,"CAIXA ORQUESTRA","09/08/15 12:14:40",,0,"ECAD"
421,6,"SCRATCHES","09/08/15 12:14:40",,0,"ECAD"
433,4,"BATERIA ELETRONICA","09/08/15 12:14:40",,0,"ECAD"
453,6,"BANDA","09/08/15 12:14:40",,0,"ECAD"
473,4,"ACORDEON 8 BAIXOS","09/08/15 12:14:40",,0,"ECAD"
474,126,"COPIAS MUSICAIS","09/08/15 12:14:40",,0,"ECAD"
475,126,"ARREGIMENTAÇÃO BASES","09/08/15 12:14:40",,0,"ECAD"
493,126,"PROGRAMACAO","09/08/15 12:14:40",,0,"ECAD"
494,6,"BASS","09/08/15 12:14:40",,0,"ECAD"
495,6,"BEAT BOX","09/08/15 12:14:40",,0,"ECAD"
496,4,"CORDEONA","09/08/15 12:14:40",,0,"ECAD"
497,6,"DARBUKAS","09/08/15 12:14:40",,0,"ECAD"
498,1,"FLAUTA TRANSVERSA","09/08/15 12:14:40",,0,"ECAD"
499,6,"GUINZO","09/08/15 12:14:40",,0,"ECAD"
500,3,"GUIRO","09/08/15 12:14:40",,0,"ECAD"
501,6,"KORG/KLONG","09/08/15 12:14:40",,0,"ECAD"
502,3,"MOLO","09/08/15 12:14:40",,0,"ECAD"
503,3,"MORINGA","09/08/15 12:14:40",,0,"ECAD"
505,6,"MUZETTE","09/08/15 12:14:40",,0,"ECAD"
513,6,"SYNTH BASS","09/08/15 12:14:40",,0,"ECAD"
514,3,"TAMBOR BOI","09/08/15 12:14:40",,0,"ECAD"
515,6,"RAP","09/08/15 12:14:40",,0,"ECAD"
516,6,"CRYVACO","09/08/15 12:14:41",,0,"ECAD"
517,6,"FEDDLE","09/08/15 12:14:41",,0,"ECAD"
518,3,"PANDEIRAO","09/08/15 12:14:41",,0,"ECAD"
533,6,"ASSOVIO","09/08/15 12:14:41",,0,"ECAD"
553,1,"GAITA PONTO","09/08/15 12:14:41",,0,"ECAD"
573,126,"DIRECAO MUSICAL","09/08/15 12:14:41",,0,"ECAD"
595,2,"CONTRABAIXO ACUSTICO","09/08/15 12:14:41",,0,"ECAD"
613,3,"RITMO","09/08/15 12:14:41",,0,"ECAD"
633,6,"BASE ELETRONICA","09/08/15 12:14:41",,0,"ECAD"
634,6,"NAIABINGUIM","09/08/15 12:14:41",,0,"ECAD"
653,6,"UNHAS","09/08/15 12:14:41",,0,"ECAD"
673,6,"COMPLEMENTOS","09/08/15 12:14:41",,0,"ECAD"
674,6,"SHIBAL","09/08/15 12:14:41",,0,"ECAD"
675,6,"EFEITOS ESPECIAIS","09/08/15 12:14:41",,0,"ECAD"
676,126,"MIXAGEM","09/08/15 12:14:41",,0,"ECAD"
677,6,"PANTAGONE","09/08/15 12:14:41",,0,"ECAD"
678,1,"APITO","09/08/15 12:14:41",,0,"ECAD"
694,6,"TORPEDO","09/08/15 12:14:41",,0,"ECAD"
695,2,"GUITARRA TREMULA","09/08/15 12:14:41",,0,"ECAD"
696,6,"RITM TECH","09/08/15 12:14:41",,0,"ECAD"
713,3,"GONGO","09/08/15 12:14:41",,0,"ECAD"
753,3,"PANDEIRO ABERTO","09/08/15 12:14:41",,0,"ECAD"
754,126,"SEQUENCIA","09/08/15 12:14:41",,0,"ECAD"
773,4,"PIANO ELETRICO","09/08/15 12:14:41",,0,"ECAD"
793,2,"GUITARRA","09/08/15 12:14:41",,0,"ECAD"
834,2,"VIOLAO BASE","09/08/15 12:14:41",,0,"ECAD"
835,3,"REBOLO","09/08/15 12:14:41",,0,"ECAD"
853,6,"SYNT PIZZICATO","09/08/15 12:14:41",,0,"ECAD"
854,2,"VIOLAO SOLO","09/08/15 12:14:41",,0,"ECAD"
855,126,"ARREGIMENTACAO","09/08/15 12:14:41",,0,"ECAD"
873,6,"ESCALETA","09/08/15 12:14:41",,0,"ECAD"
893,6,"SLIDE GUITAR","09/08/15 12:14:41",,0,"ECAD"
913,126,"TECNICO GRAVACAO","09/08/15 12:14:41",,0,"ECAD"
914,126,"AUXILIAR TECNICO DE GRAVACAO","09/08/15 12:14:41",,0,"ECAD"
933,6,"POLYSIX","09/08/15 12:14:41",,0,"ECAD"
934,2,"VIOLAO DE NYLON","09/08/15 12:14:41",,0,"ECAD"
953,3,"CANOS DE BAMBU","09/08/15 12:14:41",,0,"ECAD"
973,6,"BOMBO LEGUERO","09/08/15 12:14:41",,0,"ECAD"
1013,3,"LATAS","09/08/15 12:14:41",,0,"ECAD"
1014,126,"COPISTA","09/08/15 12:14:41",,0,"ECAD"
1033,4,"CHINELOFONE","09/08/15 12:14:41",,0,"ECAD"
1053,6,"LEGUEIRO","09/08/15 12:14:41",,0,"ECAD"
1073,126,"COORDENAÇAO","09/08/15 12:14:41",,0,"ECAD"
1093,6,"PANELA","09/08/15 12:14:41",,0,"ECAD"
1113,6,"WIND SYNTH","09/08/15 12:14:41",,0,"ECAD"
1133,6,"RHODES","09/08/15 12:14:41",,0,"ECAD"
1134,2,"GUITARRA BAIANA","09/08/15 12:14:41",,0,"ECAD"
1135,6,"CAJON","09/08/15 12:14:41",,0,"ECAD"
1136,3,"BANDEJA","09/08/15 12:14:41",,0,"ECAD"
1137,3,"FRIGIDEIRA","09/08/15 12:14:41",,0,"ECAD"
1138,3,"VASO","09/08/15 12:14:41",,0,"ECAD"
1139,6,"PERC-LOOPS","09/08/15 12:14:41",,0,"ECAD"
1153,2,"CRAVIOLA","09/08/15 12:14:41",,0,"ECAD"
1193,4,"ACORDEON BASE","09/08/15 12:14:41",,0,"ECAD"
1194,4,"ACORDEON SOLO","09/08/15 12:14:41",,0,"ECAD"
1213,2,"CAVACO SOLO","09/08/15 12:14:41",,0,"ECAD"
1214,3,"REPIQUE DE MAO","09/08/15 12:14:41",,0,"ECAD"
1215,2,"BAIXO SOLO","09/08/15 12:14:41",,0,"ECAD"
1233,126,"PROGRAMADOR DE TECLADO","09/08/15 12:14:41",,0,"ECAD"
1234,3,"BATERIA ACUSTICA","09/08/15 12:14:41",,0,"ECAD"
1253,126,"COLAGENS","09/08/15 12:14:41",,0,"ECAD"
1273,126,"DIREÇÃO VOCAL","09/08/15 12:14:41",,0,"ECAD"
1293,3,"BATIDAS","09/08/15 12:14:41",,0,"ECAD"
1333,3,"CALIMBA","09/08/15 12:14:41",,0,"ECAD"
1353,2,"STEEL DRUMS","09/08/15 12:14:41",,0,"ECAD"
1373,1,"SAX SOLO","09/08/15 12:14:41",,0,"ECAD"
1374,2,"VIOLAO FLAMENCO","09/08/15 12:14:41",,0,"ECAD"
1393,4,"TECLADO ELETRONICO","09/08/15 12:14:41",,0,"ECAD"
1413,6,"CUATRO VENEZOLANO","09/08/15 12:14:41",,0,"ECAD"
1414,6,"CHARANGO","09/08/15 12:14:41",,0,"ECAD"
1415,6,"QUEEA","09/08/15 12:14:41",,0,"ECAD"
1416,6,"ZAMPOEA","09/08/15 12:14:41",,0,"ECAD"
1433,6,"WASHBORD","09/08/15 12:14:41",,0,"ECAD"
1434,2,"BAIXO FRETLESS","09/08/15 12:14:41",,0,"ECAD"
1453,6,"VENTO","09/08/15 12:14:41",,0,"ECAD"
1473,6,"POLLI-SYNTH","09/08/15 12:14:41",,0,"ECAD"
1474,6,"HIGH STRING","09/08/15 12:14:41",,0,"ECAD"
1494,4,"CORO DE TECLADO","09/08/15 12:14:41",,0,"ECAD"
1495,6,"SNAP","09/08/15 12:14:41",,0,"ECAD"
1514,6,"GLOCKSPELL","09/08/15 12:14:41",,0,"ECAD"
1534,3,"PREGO","09/08/15 12:14:41",,0,"ECAD"
1554,6,"SQUASH","09/08/15 12:14:41",,0,"ECAD"
1574,6,"MARCACAO","09/08/15 12:14:41",,0,"ECAD"
1575,6,"HAMMOND XB2","09/08/15 12:14:41",,0,"ECAD"
1594,6,"CIMBAL","09/08/15 12:14:41",,0,"ECAD"
1595,6,"TUBULAR","09/08/15 12:14:41",,0,"ECAD"
1614,6,"ROADES","09/08/15 12:14:41",,0,"ECAD"
1634,6,"CELESTA","09/08/15 12:14:41",,0,"ECAD"
1654,6,"PLATINELA","09/08/15 12:14:41",,0,"ECAD"
1655,6,"LAMINA","09/08/15 12:14:41",,0,"ECAD"
1674,2,"GUITARRA ACUSTICA","09/08/15 12:14:41",,0,"ECAD"
1694,3,"XIQUERE","09/08/15 12:14:41",,0,"ECAD"
1714,6,"MIDI","09/08/15 12:14:41",,0,"ECAD"
1734,6,"GRANT BLOCK","09/08/15 12:14:41",,0,"ECAD"
1735,3,"VASSOURINHA","09/08/15 12:14:41",,0,"ECAD"
1736,6,"GONGUE","09/08/15 12:14:41",,0,"ECAD"
1737,6,"ALFAIA","09/08/15 12:14:41",,0,"ECAD"
1738,6,"BELTRY","09/08/15 12:14:41",,0,"ECAD"
1754,6,"OBEHAINE","09/08/15 12:14:41",,0,"ECAD"
1774,6,"FENDU","09/08/15 12:14:41",,0,"ECAD"
1794,1,"GARRAFAS SOPRADAS","09/08/15 12:14:41",,0,"ECAD"
1795,6,"CINCERRO","09/08/15 12:14:41",,0,"ECAD"
1796,2,"VIOLAO COM ARCO","09/08/15 12:14:41",,0,"ECAD"
1797,3,"MARIMBA DE VIDRO","09/08/15 12:14:41",,0,"ECAD"
1814,2,"VIOLAO DOBRO","09/08/15 12:14:41",,0,"ECAD"
1834,3,"LAPIS NO DENTE","09/08/15 12:14:41",,0,"ECAD"
1854,2,"VIOLA DE COCHO","09/08/15 12:14:41",,0,"ECAD"
1874,6,"NAYABINGUIM","09/08/15 12:14:41",,0,"ECAD"
1894,126,"DIRECAO DE PRONUNCIA","09/08/15 12:14:41",,0,"ECAD"
1914,6,"PROPHET","09/08/15 12:14:41",,0,"ECAD"
1915,6,"FENDER RHODES","09/08/15 12:14:41",,0,"ECAD"
1955,2,"VIOLAO ELETRICO","09/08/15 12:14:41",,0,"ECAD"
1975,6,"HI - HAT","09/08/15 12:14:41",,0,"ECAD"
1995,3,"PERCUSSAO ACUSTICA","09/08/15 12:14:41",,0,"ECAD"
2016,6,"MELLOTRON","09/08/15 12:14:41",,0,"ECAD"
2036,1,"BOMBARDINO","09/08/15 12:14:41",,0,"ECAD"
2056,6,"EFEITO VENTO","09/08/15 12:14:41",,0,"ECAD"
2057,6,"RUBBER NOSE","09/08/15 12:14:41",,0,"ECAD"
2058,1,"APITO CHAIMMANBU","09/08/15 12:14:41",,0,"ECAD"
2059,3,"CAIXA DE ISOPOR","09/08/15 12:14:41",,0,"ECAD"
2060,6,"INSTROSCUTA","09/08/15 12:14:41",,0,"ECAD"
2061,3,"TIMBANCO","09/08/15 12:14:41",,0,"ECAD"
2062,6,"QUADRICANO","09/08/15 12:14:41",,0,"ECAD"
2063,6,"ESTANTE DE TONEL","09/08/15 12:14:41",,0,"ECAD"
2064,6,"ESTANTE COM TAMPAO","09/08/15 12:14:41",,0,"ECAD"
2076,6,"FRELESS","09/08/15 12:14:41",,0,"ECAD"
2077,6,"TRASTE","09/08/15 12:14:41",,0,"ECAD"
2096,6,"GONGE","09/08/15 12:14:41",,0,"ECAD"
2116,6,"DBARK","09/08/15 12:14:41",,0,"ECAD"
2117,126,"SAMPLES","09/08/15 12:14:41",,0,"ECAD"
2136,6,"PASSAROS","09/08/15 12:14:41",,0,"ECAD"
2156,6,"CHIC","09/08/15 12:14:41",,0,"ECAD"
2176,3,"TAMPURA","09/08/15 12:14:41",,0,"ECAD"
2177,126,"ASSIST.DE PRODUCAO","09/08/15 12:14:41",,0,"ECAD"
2196,6,"MOOG","09/08/15 12:14:41",,0,"ECAD"
2216,6,"BLIM","09/08/15 12:14:41",,0,"ECAD"
2217,2,"VIOLINO SOLO","09/08/15 12:14:41",,0,"ECAD"
2219,6,"AFOUXE","09/08/15 12:14:41",,0,"ECAD"
2236,6,"ONDAS","09/08/15 12:14:41",,0,"ECAD"
2256,6,"MUSSETE","09/08/15 12:14:41",,0,"ECAD"
2278,2,"VIOLA PORTUGUESA","09/08/15 12:14:41",,0,"ECAD"
2299,6,"LOOPS","09/08/15 12:14:41",,0,"ECAD"
2300,126,"DUBLAGENS","09/08/15 12:14:41",,0,"ECAD"
2338,6,"EFEITOS SONOROS","09/08/15 12:14:41",,0,"ECAD"
2339,126,"DUBLAGEM","09/08/15 12:14:41",,0,"ECAD"
2358,2,"BAIXO SYNTH","09/08/15 12:14:41",,0,"ECAD"
2378,126,"EDICAO","09/08/15 12:14:41",,0,"ECAD"
2398,6,"CHIMBAU","09/08/15 12:14:41",,0,"ECAD"
2438,1,"FLAUTA EM DO","09/08/15 12:14:41",,0,"ECAD"
2458,6,"ELETRONIC DRUMS","09/08/15 12:14:41",,0,"ECAD"
2478,6,"PICK UPS","09/08/15 12:14:41",,0,"ECAD"
2498,1,"SAX","09/08/15 12:14:41",,0,"ECAD"
2518,4,"PIANINHO","09/08/15 12:14:41",,0,"ECAD"
2538,6,"ENV FILTER BEAT","09/08/15 12:14:41",,0,"ECAD"
2598,6,"SERROTE","09/08/15 12:14:41",,0,"ECAD"
2638,6,"ROCAR","09/08/15 12:14:41",,0,"ECAD"
2639,6,"BONBU-LEGUERO","09/08/15 12:14:41",,0,"ECAD"
2640,6,"AIR FX","09/08/15 12:14:41",,0,"ECAD"
2641,6,"BAMBU","09/08/15 12:14:41",,0,"ECAD"
2679,2,"VIOLAO10 CORDAS","09/08/15 12:14:41",,0,"ECAD"
2680,6,"LINHA DE BAIXO","09/08/15 12:14:41",,0,"ECAD"
2681,6,"RUIDO","09/08/15 12:14:41",,0,"ECAD"
2682,6,"TAMA","09/08/15 12:14:41",,0,"ECAD"
2683,6,"VOCODER","09/08/15 12:14:41",,0,"ECAD"
2684,6,"GROOVE BOX","09/08/15 12:14:41",,0,"ECAD"
2698,1,"TROMBONITO","09/08/15 12:14:42",,0,"ECAD"
2718,6,"ROCHIMBAU","09/08/15 12:14:42",,0,"ECAD"
2738,3,"PAU","09/08/15 12:14:42",,0,"ECAD"
2758,3,"TURNTABLES","09/08/15 12:14:42",,0,"ECAD"
2778,4,"TECLADO SOLO","09/08/15 12:14:42",,0,"ECAD"
2779,4,"TECLADO BASE","09/08/15 12:14:42",,0,"ECAD"
2818,2,"CELLO","09/08/15 12:14:42",,0,"ECAD"
2819,6,"ZAMPONA","09/08/15 12:14:42",,0,"ECAD"
2838,6,"FANTASIA","09/08/15 12:14:42",,0,"ECAD"
2878,6,"CARR","09/08/15 12:14:42",,0,"ECAD"
2899,6,"COBERTURA","09/08/15 12:14:42",,0,"ECAD"
2900,6,"SALTERIO","09/08/15 12:14:42",,0,"ECAD"
2919,6,"FOLE DE 8 BAIXOS","09/08/15 12:14:42",,0,"ECAD"
2938,3,"TALK DRUMS","09/08/15 12:14:42",,0,"ECAD"
2958,6,"REALISTIC","09/08/15 12:14:42",,0,"ECAD"
2959,6,"TOCA DISCOS","09/08/15 12:14:42",,0,"ECAD"
2960,6,"OCTAPAD","09/08/15 12:14:42",,0,"ECAD"
2982,6,"BOREL","09/08/15 12:14:42",,0,"ECAD"
2999,126,"DIRECAO ARTISTICA","09/08/15 12:14:42",,0,"ECAD"
3038,6,"BORDANGULO","09/08/15 12:14:42",,0,"ECAD"
3058,6,"UKELELE","09/08/15 12:14:42",,0,"ECAD"
3059,6,"AMBIENT LOVE DRUM KI","09/08/15 12:14:42",,0,"ECAD"
3078,2,"GUITARRA WA WA","09/08/15 12:14:42",,0,"ECAD"
3098,3,"EGGS","09/08/15 12:14:42",,0,"ECAD"
3118,6,"KEYBOARDS","09/08/15 12:14:42",,0,"ECAD"
3143,6,"VIBES","09/08/15 12:14:42",,0,"ECAD"
3144,6,"METROLA","09/08/15 12:14:42",,0,"ECAD"
3164,6,"BOMBO DE MACAIBA","09/08/15 12:14:42",,0,"ECAD"
3165,6,"GOUNGUE","09/08/15 12:14:42",,0,"ECAD"
3184,3,"RITINTA","09/08/15 12:14:42",,0,"ECAD"
3204,6,"BACURINHAS","09/08/15 12:14:42",,0,"ECAD"
3224,3,"CACHETA","09/08/15 12:14:42",,0,"ECAD"
3225,2,"STRINGS","09/08/15 12:14:42",,0,"ECAD"
3244,6,"TRILA","09/08/15 12:14:42",,0,"ECAD"
3245,6,"GRANDE PAN","09/08/15 12:14:42",,0,"ECAD"
3246,6,"CHORI","09/08/15 12:14:42",,0,"ECAD"
3264,126,"TECNICO DE SOM","09/08/15 12:14:42",,0,"ECAD"
3265,6,"BACK VOCAL","09/08/15 12:14:42",,0,"ECAD"
3284,6,"SPRINGER DRUM","09/08/15 12:14:42",,0,"ECAD"
3304,126,"ALUGUEL DX7","09/08/15 12:14:42",,0,"ECAD"
3324,2,"CAVACO BANDOLA","09/08/15 12:14:42",,0,"ECAD"
3344,6,"LAPIS DE BOCA","09/08/15 12:14:42",,0,"ECAD"
3364,126,"INTERFERENCIAS","09/08/15 12:14:42",,0,"ECAD"
3384,2,"VIOLA SINFONICA","09/08/15 12:14:42",,0,"ECAD"
3404,6,"DIGERIDU","09/08/15 12:14:42",,0,"ECAD"
3424,6,"BELLS","09/08/15 12:14:42",,0,"ECAD"
3444,6,"JAMBLOK","09/08/15 12:14:42",,0,"ECAD"
3464,2,"ARIANO","09/08/15 12:14:42",,0,"ECAD"
3484,6,"PROTOOLS","09/08/15 12:14:42",,0,"ECAD"
3504,3,"PANDEIRO ARABE","09/08/15 12:14:42",,0,"ECAD"
3505,6,"BILHAS MEDIA","09/08/15 12:14:42",,0,"ECAD"
3506,6,"BILHAS GRAVE","09/08/15 12:14:42",,0,"ECAD"
3507,6,"PORCA","09/08/15 12:14:42",,0,"ECAD"
3509,6,"SHAKE","09/08/15 12:14:42",,0,"ECAD"
3527,6,"TEREMIM","09/08/15 12:14:42",,0,"ECAD"
3528,6,"PHOPHET FIVE","09/08/15 12:14:42",,0,"ECAD"
3547,3,"PERCUSSAO ELETRONICA","09/08/15 12:14:42",,0,"ECAD"
3567,6,"EFEITOS DE AMBIENCIA","09/08/15 12:14:42",,0,"ECAD"
5168,6,"UMTHINGO","09/08/15 12:14:43",,0,"ECAD"
5169,6,"XIZAMBI","09/08/15 12:14:43",,0,"ECAD"
5170,6,"SININHOS","09/08/15 12:14:43",,0,"ECAD"
5171,6,"GUAIA","09/08/15 12:14:43",,0,"ECAD"
5172,6,"TAMBU","09/08/15 12:14:43",,0,"ECAD"
5173,3,"PANDEIROLA","09/08/15 12:14:43",,0,"ECAD"
5187,6,"BOMBINHO","09/08/15 12:14:43",,0,"ECAD"
5188,6,"NAVE","09/08/15 12:14:43",,0,"ECAD"
5207,6,"CAIXA CABACA","09/08/15 12:14:43",,0,"ECAD"
5227,6,"BADALO","09/08/15 12:14:43",,0,"ECAD"
5228,6,"ABOIO","09/08/15 12:14:43",,0,"ECAD"
5229,6,"CATOLICO","09/08/15 12:14:43",,0,"ECAD"
5230,6,"MARACATU","09/08/15 12:14:43",,0,"ECAD"
5231,6,"HARDCORE","09/08/15 12:14:43",,0,"ECAD"
5247,6,"MARFIM","09/08/15 12:14:43",,0,"ECAD"
5248,3,"SURDO DE MEIO","09/08/15 12:14:43",,0,"ECAD"
5249,3,"SURDO DE FUNDO","09/08/15 12:14:43",,0,"ECAD"
5267,6,"BANDENEON","09/08/15 12:14:43",,0,"ECAD"
5268,1,"FLAUTA SOLO","09/08/15 12:14:43",,0,"ECAD"
5287,6,"GEROMA","09/08/15 12:14:43",,0,"ECAD"
5288,6,"CHAPA DE METAL","09/08/15 12:14:43",,0,"ECAD"
5289,6,"TRILOBITA","09/08/15 12:14:43",,0,"ECAD"
5307,6,"BANSURI","09/08/15 12:14:43",,0,"ECAD"
5327,6,"VIOLACHO","09/08/15 12:14:43",,0,"ECAD"
5347,6,"COCO","09/08/15 12:14:43",,0,"ECAD"
5367,126,"OUTROS","09/08/15 12:14:43",,0,"ECAD"
5387,126,"INSTRUMENTAL","09/08/15 12:14:43",,0,"ECAD"
5407,6,"RONCADOR","09/08/15 12:14:43",,0,"ECAD"
5408,6,"RALADOR DE COCO","09/08/15 12:14:43",,0,"ECAD"
5427,6,"UKULELE","09/08/15 12:14:43",,0,"ECAD"
5428,6,"GUITARRA SITAR","09/08/15 12:14:43",,0,"ECAD"
5429,6,"RUM DE AQUERE","09/08/15 12:14:43",,0,"ECAD"
5430,6,"NABUA","09/08/15 12:14:43",,0,"ECAD"
5431,6,"NAVESTIL","09/08/15 12:14:43",,0,"ECAD"
5432,6,"DEDEDRUMM","09/08/15 12:14:43",,0,"ECAD"
5433,6,"PEDALEIRA DE EFEITOS","09/08/15 12:14:43",,0,"ECAD"
5434,6,"RONTONTON","09/08/15 12:14:43",,0,"ECAD"
5435,6,"BIT BEATRIZ","09/08/15 12:14:43",,0,"ECAD"
5436,6,"DARBUCA","09/08/15 12:14:43",,0,"ECAD"
5437,6,"VERGALHÃO","09/08/15 12:14:43",,0,"ECAD"
5438,6,"OVINHO","09/08/15 12:14:43",,0,"ECAD"
5439,6,"TON-TONS","09/08/15 12:14:43",,0,"ECAD"
5447,6,"FARFISA","09/08/15 12:14:43",,0,"ECAD"
5448,6,"KASRIEL","09/08/15 12:14:43",,0,"ECAD"
5467,126,"ANIMACAO","09/08/15 12:14:43",,0,"ECAD"
5487,6,"ALECTRAVIBE","09/08/15 12:14:43",,0,"ECAD"
5489,6,"TEMAMETAIS","09/08/15 12:14:43",,0,"ECAD"
5490,6,"VOX","09/08/15 12:14:43",,0,"ECAD"
5491,6,"CRIVADOR","09/08/15 12:14:43",,0,"ECAD"
5492,6,"MEIAO","09/08/15 12:14:43",,0,"ECAD"
5493,6,"RETINTAS","09/08/15 12:14:43",,0,"ECAD"
5494,6,"TAMBURITOS","09/08/15 12:14:43",,0,"ECAD"
5512,4,"FINGERCLAP","09/08/15 12:14:43",,0,"ECAD"
5532,6,"JOMBLOCK","09/08/15 12:14:43",,0,"ECAD"
5553,126,"ENGENHEIRO DE GRAVACAO","09/08/15 12:14:43",,0,"ECAD"
5554,126,"ENGENHEIRO DE MIX","09/08/15 12:14:43",,0,"ECAD"
5572,6,"RÓTULO","09/08/15 12:14:43",,0,"ECAD"
5573,6,"BOUZOUK","09/08/15 12:14:43",,0,"ECAD"
5575,2,"GUITARRON","09/08/15 12:14:43",,0,"ECAD"
5576,3,"PANDEIRO CAJON","09/08/15 12:14:43",,0,"ECAD"
5577,1,"FLAUTA INDIA","09/08/15 12:14:43",,0,"ECAD"
5578,3,"TAMANCOS","12/03/19 19:55:00",,0,"ECAD"
5579,2,"VIOLAO FRETLESS","12/03/19 19:55:00",,0,"ECAD"
5580,6,"COMMISIONER","03/10/21 15:17:40",,0,"ECAD"
3568,126,"GRAVACAO DE VOZ","09/08/15 12:14:42",,0,"ECAD"
3569,6,"ARRANJO DE BASE","09/08/15 12:14:42",,0,"ECAD"
3570,6,"B4","09/08/15 12:14:42",,0,"ECAD"
3571,6,"PRO 53","09/08/15 12:14:42",,0,"ECAD"
3572,6,"SYNTH CRUMAR","09/08/15 12:14:42",,0,"ECAD"
3573,2,"BAIXOLAO","09/08/15 12:14:42",,0,"ECAD"
3587,6,"PIANO RHODES","09/08/15 12:14:42",,0,"ECAD"
3588,4,"ORGAO HAMMOND","09/08/15 12:14:42",,0,"ECAD"
3607,6,"BATA","09/08/15 12:14:42",,0,"ECAD"
3628,6,"ARRANJADOR - 8/001","09/08/15 12:14:42",,0,"ECAD"
3630,6,"REGENTE - 8/002","09/08/15 12:14:42",,0,"ECAD"
3632,6,"CORO 7/002","09/08/15 12:14:42",,0,"ECAD"
3633,126,"EXECUÇÃO BASE","09/08/15 12:14:42",,0,"ECAD"
3653,4,"PIANO FENDER","09/08/15 12:14:42",,0,"ECAD"
3656,3,"TIMBA","09/08/15 12:14:42",,0,"ECAD"
3676,6,"SHAIC","09/08/15 12:14:42",,0,"ECAD"
3677,6,"CARROM","09/08/15 12:14:42",,0,"ECAD"
3696,6,"LATAS E GARRAFAS","09/08/15 12:14:42",,0,"ECAD"
3716,6,"SOLISTA","09/08/15 12:14:42",,0,"ECAD"
3736,1,"FLAUTA BARROCA","09/08/15 12:14:42",,0,"ECAD"
3756,6,"DECLAMADOR","09/08/15 12:14:42",,0,"ECAD"
3758,86,"HAMMOND XB3","09/08/15 12:14:42",,0,"ECAD"
3797,6,"SEKERE","09/08/15 12:14:42",,0,"ECAD"
3819,3,"TAMBOR ONCA","09/08/15 12:14:42",,0,"ECAD"
3820,3,"TAMBOR CRIVADOR","09/08/15 12:14:42",,0,"ECAD"
3837,6,"QUINTO","09/08/15 12:14:42",,0,"ECAD"
3840,6,"CARACAXAS","09/08/15 12:14:42",,0,"ECAD"
3880,6,"E-BOW","09/08/15 12:14:42",,0,"ECAD"
3900,6,"FLAUTONETE","09/08/15 12:14:42",,0,"ECAD"
3901,6,"FLAKSTONE","09/08/15 12:14:42",,0,"ECAD"
3902,6,"NOZES","09/08/15 12:14:42",,0,"ECAD"
3920,6,"TB303","09/08/15 12:14:42",,0,"ECAD"
3940,3,"PANDEIRAO C/ VASSOURA","09/08/15 12:14:42",,0,"ECAD"
3941,3,"MORINGA C/VASSOURA","09/08/15 12:14:42",,0,"ECAD"
3960,6,"ELETRIC STAR","09/08/15 12:14:42",,0,"ECAD"
3961,2,"GUITARRA SLIDE","09/08/15 12:14:42",,0,"ECAD"
3962,6,"MANOLA","09/08/15 12:14:42",,0,"ECAD"
3982,6,"JARRO","09/08/15 12:14:42",,0,"ECAD"
3983,6,"EFEITO","09/08/15 12:14:42",,0,"ECAD"
4002,6,"LAP STEEL","09/08/15 12:14:42",,0,"ECAD"
4042,6,"ABACO","09/08/15 12:14:42",,0,"ECAD"
4062,6,"CURIMBO","09/08/15 12:14:42",,0,"ECAD"
4082,6,"OBXA","09/08/15 12:14:42",,0,"ECAD"
4102,6,"CAPUTA","09/08/15 12:14:42",,0,"ECAD"
4122,6,"OVATION","09/08/15 12:14:42",,0,"ECAD"
4128,6,"OVATION","09/08/15 12:14:42",,0,"ECAD"
4142,6,"RAGGASOUNDS","09/08/15 12:14:42",,0,"ECAD"
4143,3,"COLHER","09/08/15 12:14:42",,0,"ECAD"
4163,6,"ACIRDEID","09/08/15 12:14:42",,0,"ECAD"
4183,6,"ECOS","09/08/15 12:14:42",,0,"ECAD"
4203,1,"FLAUTA CONTRALTO","09/08/15 12:14:42",,0,"ECAD"
4204,1,"FLAUTA SOPRANO","09/08/15 12:14:42",,0,"ECAD"
4205,1,"FLAUTA TENOR","09/08/15 12:14:42",,0,"ECAD"
4223,6,"CONCERTMASTER","09/08/15 12:14:42",,0,"ECAD"
4243,6,"EFEITOS ELETRONICOS","09/08/15 12:14:42",,0,"ECAD"
4245,6,"EFEITOS INSTRUMENTAIS","09/08/15 12:14:42",,0,"ECAD"
4263,126,"SAMPLERS","09/08/15 12:14:42",,0,"ECAD"
4264,126,"PROGRAMADOR DE PERCUSSAO","09/08/15 12:14:42",,0,"ECAD"
4265,6,"CALOTAS","09/08/15 12:14:42",,0,"ECAD"
4266,6,"ARROZ","09/08/15 12:14:42",,0,"ECAD"
4267,6,"CAIXA DE CHARUTO","09/08/15 12:14:42",,0,"ECAD"
4268,6,"MAO","09/08/15 12:14:42",,0,"ECAD"
4701,6,"MBIRA","09/08/15 12:14:42",,0,"ECAD"
4702,6,"TAMBOR DE MINA","09/08/15 12:14:42",,0,"ECAD"
4703,6,"FRAME DRUM","09/08/15 12:14:42",,0,"ECAD"
4704,6,"HAND SONIC","09/08/15 12:14:42",,0,"ECAD"
4725,6,"GUITARRA STILL","09/08/15 12:14:42",,0,"ECAD"
4744,2,"GUITARRA ESPACIAL","09/08/15 12:14:42",,0,"ECAD"
4745,6,"HARMONICOS","09/08/15 12:14:42",,0,"ECAD"
4746,6,"GONGO TIBETANO","09/08/15 12:14:42",,0,"ECAD"
4766,6,"QUARTETO DE TROMBONE","09/08/15 12:14:42",,0,"ECAD"
4786,6,"RIFS","09/08/15 12:14:43",,0,"ECAD"
4806,6,"BALDE","09/08/15 12:14:43",,0,"ECAD"
4826,2,"GUITARRA INVERTIDA","09/08/15 12:14:43",,0,"ECAD"
4827,6,"PRUMAR","09/08/15 12:14:43",,0,"ECAD"
4847,6,"PLEX (LOOP)","09/08/15 12:14:43",,0,"ECAD"
4848,6,"KAOSS PAD","09/08/15 12:14:43",,0,"ECAD"
4867,6,"ELU","09/08/15 12:14:43",,0,"ECAD"
4887,6,"POTE","09/08/15 12:14:43",,0,"ECAD"
4908,6,"CAIXA DO DIVINO","09/08/15 12:14:43",,0,"ECAD"
4927,126,"TRANSCRICAO PARA CORDAS","09/08/15 12:14:43",,0,"ECAD"
4947,6,"KISSANGE","09/08/15 12:14:43",,0,"ECAD"
4948,6,"NGOMA","09/08/15 12:14:43",,0,"ECAD"
4949,6,"JEROMA","09/08/15 12:14:43",,0,"ECAD"
4967,3,"TAMBOR DE ALFAIA","09/08/15 12:14:43",,0,"ECAD"
4968,6,"PAKAWAJ","09/08/15 12:14:43",,0,"ECAD"
4969,6,"MINEIRO","09/08/15 12:14:43",,0,"ECAD"
4970,6,"PAN INCLINADO","09/08/15 12:14:43",,0,"ECAD"
4971,3,"TIMBALES DE LATA","09/08/15 12:14:43",,0,"ECAD"
4974,3,"BOMBONAS","09/08/15 12:14:43",,0,"ECAD"
4975,6,"CHIFRES DE ANTILOPE","09/08/15 12:14:43",,0,"ECAD"
4976,6,"TIMBAUS","09/08/15 12:14:43",,0,"ECAD"
4977,126,"PRODUCAO EXECUTIVA","09/08/15 12:14:43",,0,"ECAD"
4978,3,"SURDO VIRADO","09/08/15 12:14:43",,0,"ECAD"
4979,126,"PRODUCAO MUSICAL","09/08/15 12:14:43",,0,"ECAD"
4980,3,"BATERIA DE SUCATA","09/08/15 12:14:43",,0,"ECAD"
4981,6,"BALAINHO","09/08/15 12:14:43",,0,"ECAD"
4982,3,"TRISURDO","09/08/15 12:14:43",,0,"ECAD"
4983,6,"XERES","09/08/15 12:14:43",,0,"ECAD"
4984,6,"ESTREMPE DE TAMPAS","09/08/15 12:14:43",,0,"ECAD"
4985,6,"CONGUE","09/08/15 12:14:43",,0,"ECAD"
4986,3,"TAMBOR CONDENSADOR","09/08/15 12:14:43",,0,"ECAD"
4988,3,"TAMBOR DE CONGADA","09/08/15 12:14:43",,0,"ECAD"
4989,6,"ESTREMPE DE EXTINTO","09/08/15 12:14:43",,0,"ECAD"
4992,3,"CAIXA DE PAPELAO","09/08/15 12:14:43",,0,"ECAD"
4993,6,"BALAFON","09/08/15 12:14:43",,0,"ECAD"
5007,6,"ILU","09/08/15 12:14:43",,0,"ECAD"
5008,6,"MILHEIRO","09/08/15 12:14:43",,0,"ECAD"
5009,6,"PANDEIRO DE NYLON","09/08/15 12:14:43",,0,"ECAD"
5047,6,"CANECA","09/08/15 12:14:43",,0,"ECAD"
5068,6,"JUNO 60","09/08/15 12:14:43",,0,"ECAD"
5087,2,"CORDAS SYNTH","09/08/15 12:14:43",,0,"ECAD"
5107,6,"MANGUEIRA","09/08/15 12:14:43",,0,"ECAD"
5127,6,"CILINDRO","09/08/15 12:14:43",,0,"ECAD"
5128,6,"BICICLETA","09/08/15 12:14:43",,0,"ECAD"
5129,6,"CHAMINE","09/08/15 12:14:43",,0,"ECAD"
5130,6,"CADEIRA","09/08/15 12:14:43",,0,"ECAD"
5131,6,"TRIPE DE MEIO","09/08/15 12:14:43",,0,"ECAD"
5132,6,"VASSOURA","09/08/15 12:14:43",,0,"ECAD"
5133,6,"GONGUE DE FERRO","09/08/15 12:14:43",,0,"ECAD"
5134,6,"CHIMBARRALO","09/08/15 12:14:43",,0,"ECAD"
5147,6,"SYNTHS","09/08/15 12:14:43",,0,"ECAD"
5167,6,"MACONDERE","09/08/15 12:14:43",,0,"ECAD"
4269,6,"PORTA E CADEIRA","09/08/15 12:14:42",,0,"ECAD"
4270,6,"ESTALOS DE DEDO","09/08/15 12:14:42",,0,"ECAD"
4271,6,"LATAS DE LIXO","09/08/15 12:14:42",,0,"ECAD"
4272,6,"DJ","09/08/15 12:14:42",,0,"ECAD"
4274,2,"VIOLAO TENOR","09/08/15 12:14:42",,0,"ECAD"
4292,6,"YAKULT","09/08/15 12:14:42",,0,"ECAD"
4312,4,"PIANO YAMAHA","09/08/15 12:14:42",,0,"ECAD"
4332,6,"COBEL","09/08/15 12:14:42",,0,"ECAD"
4333,6,"MEIA LUA","09/08/15 12:14:42",,0,"ECAD"
4334,6,"CAMPANA","09/08/15 12:14:42",,0,"ECAD"
4335,6,"CHEIK","09/08/15 12:14:42",,0,"ECAD"
4354,6,"SPALLA","09/08/15 12:14:42",,0,"ECAD"
4372,6,"BUMEO","09/08/15 12:14:42",,0,"ECAD"
4392,6,"SIMONS","09/08/15 12:14:42",,0,"ECAD"
4393,6,"SIMONS","09/08/15 12:14:42",,0,"ECAD"
4412,3,"CAIXETA","09/08/15 12:14:42",,0,"ECAD"
4413,3,"SURDO-MARACANÃ","09/08/15 12:14:42",,0,"ECAD"
4414,6,"CROONER","09/08/15 12:14:42",,0,"ECAD"
4434,6,"BANDARRA","09/08/15 12:14:42",,0,"ECAD"
4435,6,"SAD MIDI","09/08/15 12:14:42",,0,"ECAD"
4436,126,"PRODUCAO ARTISTICA","09/08/15 12:14:42",,0,"ECAD"
4437,6,"GUITARRA MIDI","09/08/15 12:14:42",,0,"ECAD"
4454,6,"ACID DRUMS","09/08/15 12:14:42",,0,"ECAD"
4474,6,"MACAMBIRA","09/08/15 12:14:42",,0,"ECAD"
4494,6,"EMULATOR","09/08/15 12:14:42",,0,"ECAD"
4515,126,"MELODIA INTRODUCAO","09/08/15 12:14:42",,0,"ECAD"
4534,6,"BARITONO","09/08/15 12:14:42",,0,"ECAD"
4535,6,"CAIXA LINN ELETRONICA","09/08/15 12:14:42",,0,"ECAD"
4554,6,"TIMBALE","09/08/15 12:14:42",,0,"ECAD"
4555,6,"TIMBALE","09/08/15 12:14:42",,0,"ECAD"
4574,126,"PROGRAMADOR DE MIDIA","09/08/15 12:14:42",,0,"ECAD"
4575,6,"EFEITOS DE BRINQUEDO","09/08/15 12:14:42",,0,"ECAD"
4576,6,"BAMBUMOLA","09/08/15 12:14:42",,0,"ECAD"
4577,6,"BELL TREE","09/08/15 12:14:42",,0,"ECAD"
4578,6,"PANDEIRO TURCO","09/08/15 12:14:42",,0,"ECAD"
4579,6,"SEMENTE","09/08/15 12:14:42",,0,"ECAD"
4580,6,"PANDEIRO ITALIANO","09/08/15 12:14:42",,0,"ECAD"
4581,6,"PANDEIRO DO MARANHAO","09/08/15 12:14:42",,0,"ECAD"
4582,6,"TAMBORES MARROQUINHO","09/08/15 12:14:42",,0,"ECAD"
4583,6,"TAMBOR DE BARRO","09/08/15 12:14:42",,0,"ECAD"
4584,6,"BENDIR","09/08/15 12:14:42",,0,"ECAD"
4585,6,"GUIZOS","09/08/15 12:14:42",,0,"ECAD"
4586,6,"OCEAN DRUMS","09/08/15 12:14:42",,0,"ECAD"
4587,6,"VIDROS","09/08/15 12:14:42",,0,"ECAD"
4588,6,"BERIMBOCA","09/08/15 12:14:42",,0,"ECAD"
4589,6,"BERIMBAU DE BOCA","09/08/15 12:14:42",,0,"ECAD"
4590,6,"KOTO","09/08/15 12:14:42",,0,"ECAD"
4591,6,"TUBO ASPIRADOR","09/08/15 12:14:42",,0,"ECAD"
4592,6,"XEQUEREZINHO","09/08/15 12:14:42",,0,"ECAD"
4594,6,"VIOLAO CLASSICO","09/08/15 12:14:42",,0,"ECAD"
4595,6,"PERUS","09/08/15 12:14:42",,0,"ECAD"
4615,2,"VIOLAO 8 CORDAS","09/08/15 12:14:42",,0,"ECAD"
4616,2,"VIOLAO 8 CORDAS","09/08/15 12:14:42",,0,"ECAD"
4655,1,"TROMBONE ALTO","09/08/15 12:14:42",,0,"ECAD"
4676,126,"MASTERIZACAO","09/08/15 12:14:42",,0,"ECAD"
4695,6,"SOROBAN","09/08/15 12:14:42",,0,"ECAD"
4696,6,"CAIXA COM VAS","09/08/15 12:14:42",,0,"ECAD"
4697,6,"ZARB","09/08/15 12:14:42",,0,"ECAD"
4698,6,"SITAR","09/08/15 12:14:42",,0,"ECAD"
4699,6,"CAIXA DE CONGO","09/08/15 12:14:42",,0,"ECAD"
4700,6,"KALIMBA","09/08/15 12:14:42",,0,"ECAD"
5581,1,"OBOE DA CACCIA","03/10/21 15:17:40",,0,"ECAD"
5582,2,"STRING QUINTET","03/10/21 15:17:40",,0,"ECAD"
5583,2,"VIOLA D AMOR","03/10/21 15:17:40",,0,"ECAD"
